v_id,v_gebietsleiter,v_vertriebsleiter,v_verkaeufer
1,Peter Müller,Hans Meier,Alfred Fischer
2,Bertwalda Golla,Hildelind Kupka,Magdalene Amann
3,Dankward Francis,Sonnhard Dose,Erna Hermann
4,German Ritzer,Hermelinda Rolfes,Krista Gillich
5,Frithjof Wright,Arnd Hoge,Friedgard Klimpel
6,Alheidis Burkhardt,Klothildis Helmig,Ute	Regler
7,Benedikta Zenger,Lindhilde Steinbrink,Melina	Bernard
8,Minna Rattgers,Helmtrud Conrady,Siglinde Bach
9,Helmut Vorschütz,Anna Bär,Susanne Amend
10,Annemarie Bender,Katja Fischer,Katja Ottersbach
11,Max Raabe,Regina Wunderlich,Daniel Fäth
12,Nora Mohn,Norbert Thielke,Krimhilde Spohn
13,Giesela Janning,Ivo Kleeberg,Erla Dinse
14,Thaddäus Schmalenbach,Sibilla Liske,Hertraud Habert
15,Margunde Sauerland,Ute Liebich,Hartmuth Mais
16,Stefan Schlindwein,Susi Kumpf,Leif Metzner
17,Sinah Gier,Marhild Fiebig,Reinholdine Lein
18,Roman Hassler,Timmo Topcu,Englbert Stieler
19,Trutz Brendler,Germo Jaensch,Adeltraut Heckmann
20,Zenta Emmel,Rebecca Bockelmann,Christhart Waller
21,Folker Platz,Alheid Bienek,Tanja Tietje
22,Hannah Heibel,Nordrun Wenner,Simperta Olbert
23,Ehrenreich Romeike,Ilka Drewes,Heidegunde Giegerich
24,Burkardt Kaspari,Heinzwerner Strubel,Kerstin Klinger
25,Kurth Bergholz,Isa May,Imke Berner
26,Dorlis Storch,Annelies Pokorny,Gerwin Bambach
27,Hermelinda Kiehn,Yannick Preuße,Käthe Roggenbuck
28,Monika Schöpf,Raphaela Scheibner,Carsta Wittke
29,Mechtild Fräde,Maximillian Pappel,Annehild Knigge
30,Otto Brenner,Roswita Anger,Laurin Laier
31,Eckert Lärcher,Romanus Buhmann,Wilmhard Jacobs
32,Dietrich Reddig,Anneke Pein,Valerie Heiß
33,Myrta Weißenfels,Gertraude Dahlem,Bertwald Turowski
34,Elvira Käffner,Isidor Koblitz,Klothildis Gutekunst
35,Ruthard Weyers,Ingrun Jacobs,Frohlinde Wohlfahrt
36,Jolantha Räppel,Silvana Janisch,Rabea Wirsching
37,Helmbrecht Anders,Franziska Kamps,Kristiane Järgensen
38,Gudrun Hering,Gunfried Vennemann,Julia Bretsch
39,Otto Normalverbraucher,Max Mustermann,Laura Meyer
40,Janika Lehr,Stella Wilke,Marvin Böhmer
41,Inken Rilasede,Theodoros Lange,Dorina Wölalaustein
42,Ljiljana Hofmann,Katharine Vadoschattstein,Krzysztof Lange
43,Henner Divifihein,Ewald Zölimodeson,Monica Lotisade
44,Emilia Vetubameiner,Ruben Schmid,Edelbert Zimmermann
45,Nermin Kiwomatt,Jonathan Braun,Annie Desavoreweiner
46,Lukas Ridiflodestein,Janette Potihede,Benita Jülobedeson
47,Jenny Fesesegemüller,Marit Zudavode,Sigmar Sirodiweiner
48,Hans-Hermann Tetolodemeiner,Rainer Rivalauhein,Francesca Krause
49,Eugenie Posivode,Zdenka König,Arnulf Wadevadeson
50,Gudrun Zatudistein,Dietlind Kelisegemüller,Hans-Ludwig Fölibuson
51,Peter-Michael Pöregradehein,Heiner Pirosedestein,Cornelius Wusasadeson
52,Herma Gäsubodoweiner,Johan Tasesademüller,Else Hoffmann
53,Anette Cidewedeweiner,Sigmar Becker,Hasso Vavolodeson
54,Annegret Nelegateweiner,Paul-Gerhard Kurabodo,Lisa Nöwefi
55,Wencke Potavoremüller,Gunnar Hitafumeiner,Mark Wivilode
56,Annedore Hofmann,Claudius Vätegrade,Hannelore Wagner
57,Lidija Rüvebedemüller,Valentin Juwelatemüller,Constance Gitufare
58,Änne Galuplau,Swen Lehmann,Klaus Setowade
59,Hans-Wilhelm Susubastein,Lilo Titulateweiner,Brigitta Büvomau
60,Leonard Vewabedemeiner,Holger Patuferemüller,Hans-Jochen Schmitz
61,Tülay Koch,Thekla Meier,Samira Natufostein
62,Selim Modidaweiner,Camilla Jivubu,Gesine Husugrodemeiner
63,Mikhail Cuteba,Sedat Lavivaremüller,Sükrü Schmid
64,Hans-Karl Doriwattehein,Harald Hulado,Peter-Michael Favodohein
65,Mareile Wetilatemeiner,Adelinde Ketasede,Antonius Schulze
66,Gotthard Jöwivodemüller,Edelbert Wategrodehein,Janos Zudebumüller
67,Abbas Zotalaumüller,Ahmed Schmidt,Donata Pätidu
68,Jutta Hiwugau,Dagobert Mitabu,Aleksandar Surufledemüller
69,Sina Hadefomüller,Inge Vuleda,Giuseppe Wolf
70,Roman Sölefoweiner,Liesa Braun,Ulrich Darigedeson
71,Janus Kiwibihein,Ehrentraud Zütegauhein,Justine Sidusedemeiner
72,Franziska Viviwademeiner,Lothar Füwulodeweiner,Valentin Zuwuhede
73,Dora Molesegemüller,Francesco Huber,Dariusz Herrmann
74,Tomislav Geruplau,Zenta Rodumodehein,Hans-Heinrich Maier
75,Ferdi Deregradeweiner,Hans Sawiferehein,Martin Wivafarestein
76,Thorben Bäremattstein,Gudula Sitido,Polina Zarimode
77,Angelika Warimattstein,Franz-Xaver Dalugate,Wolf-Dieter Vurimaustein
78,Lissy Cowowedemüller,Dirk Rowedistein,Lili Covobodo
79,Zdenka Filolode,Jaqueline Hötolateson,Jovan Patudaweiner
80,Frank-Michael Wetubedemüller,Mirko Tetolodemeiner,Bernfried Putaflodeweiner
81,Hans-Uwe Füsagrodemüller,Irmtraud Butulau,Jonas Müller
82,Stefan Putosede,Rosa-Maria Herrmann,Kornelius Neumann
83,Eileen König,Sabine Zawobodostein,Philipp Cudasademüller
84,Ilka Schulze,Hajo Duwofledemüller,Raimund Järihedemeiner
85,Sieghard Schulze,Kirsten Lawafu,Olav Klein
86,Gretel Harebason,Bertold Polaplau,Irene Wuriwade
87,Marisa Meier,Ida Tätoflede,Helge Devuferemüller
88,Franz-Peter Lätogate,Antoinette Nürilau,Nikolas Walter
89,Simone Batodu,Margitta Schäfer,Amalia Vududi
90,Ruwuvarehein,Gottfried Deluhedeweiner Babette,Irmtrud Wetusedeson
91,Manja Dovamode,Theodora Säwawade,Ewald Welulode
92,Hanna Hewido,Corina Golihedestein,Nevenka Nolovademüller
93,Doris Hofmann,Saban Valofomeiner,Friedemann Sarisade
94,Gerlind Kisosedehein,Wendelin Livibaweiner,Corina Hoffmann
95,Wolf-Rüdiger Fadeflede,Grete Rodofere,Walther Schulze
96,Cathleen Cowihede,Boris Julolau,Arthur Püsuhede
97,Elisa Schwarz,Annerose Cüvigaumeiner,Matteo Kotobodomeiner
98,Rosi Wagner,Hermann Werudimüller,Sophia Butowattehein
99,Hans Gitisedemüller,Solveig Krüger,Jobst Lurafaremüller
100,Edelgard Kodifu,Rosel Guvumodeson,Ruth Meyer
101,Annegrete Fotowatteson,Rudi Vädobistein,Greta Gidelau
102,Torsten Joleflodehein,Michelle Korigateweiner,Elfriede Peraflodemeiner
103,Tülay Nülavare,Walburga Gosoplaumüller,Jörg Levugateson
104,Lisa Kutesegeweiner,Hans-Walter Bilesade,Tibor Schneider
105,Paulina Fuvifareson,Petros Rutivoremeiner,Albert Netesege
106,Pauline Hevowadeson,Bettina Wotobi,Eugenia Weber
107,Wolf Wolf,Theresia Lövefihein,Songül Totovorehein
108,Eugenie Futesege,Josef Futusegestein,Ida Fischer
109,Ivonne Jorebodo,Nelly Besegate,Gerard Jesefuweiner
110,Adelbert Mowoplau,Uschi Garobistein,Saban Kütoschattstein
111,Jaroslaw Rawesadehein,Hannelore Hartmann,Raymund Rotesademüller
112,Inna Klein,Isabel Becker,Sigmar Jevubameiner
113,Daniel Krüger,Diethard Walter,Adriane Pidube
114,Ferenc Satesadeweiner,Christl Kutasedehein,Reinhardt Fischer
115,Alwina Busawadestein,Hans-Heinrich Jösewademeiner,Isidor Koseflode
116,Benedikt Watulodemüller,Georgios Dölivadeweiner,Waltrud Vuwibodo
117,Alexandre Braun,Ottfried Püsobahein,Justine Jörubestein
118,Wolf-Rüdiger Wawegaustein,Ramazan Gotedi,Elwira Schulze
119,Karl-Ludwig Schmitt,Concetta Jedewedeson,Engin Taleflede
120,Liesel Zodube,Melitta Serefi,Friedrich-Karl Califu
121,Desiree Hotolatehein,Edgar Guvefohein,Ullrich Tewogede
122,Caroline Darufare,Ljubica Rusabihein,Hermann-Josef Wevagau
123,Bianka Zasedomeiner,Jenny Gödovarehein,Betti Schröder
124,Konstanze Dotegrode,Susana Fulawattemüller,Dagobert Walter
125,Patrik Kerosedeweiner,Joachim Zusogrode,Mohammed Pesevodemüller
126,Leonardo Vüsidustein,Romuald Wutuschattson,Dajana Madasegestein
127,Editha Gusogrodehein,Ottilie Ditabehein,Francesca Tetewade
128,Tanja Zotabe,Marta Kaiser,Ayten Delawatteson
129,Antonios Liregradestein,Hans-Michael Viramau,Alberto Tovifo
130,Ayse Nivusegemüller,Heinz-Jürgen Cutihedeweiner,Hannchen Lotada
131,Heike Wolf,Theda Schröder,Miroslaw Düvemau
132,Horst-Günter Krause,Brita Hutavode,Robin Vörofledemüller
133,Hans-Josef Werner,Raik Puwibuweiner,Felicitas Güvuflede
134,Jörgen Fotawattehein,Burckhard Jitibustein,Janko Buwofihein
135,Sigurd Fosumattstein,Olivia Dutagatehein,Ina Krause
136,Amir Muloba,Erika Futiplaumeiner,Ingrid Covoduhein
137,Gunther Fitigrade,Karl-Hans Zivefomüller,Karsten Jäwiwattehein
138,Dietlinde Fuchs,Jolanta Hoffmann,Slobodan Betodumüller
